--
-- Create new database `UserDB`
--

DROP SCHEMA IF EXISTS UserDB;
CREATE SCHEMA UserDB;
USE UserDB;

CREATE TABLE user(
                     username varchar(20) NOT NULL,
                     password varchar(20) NOT NULL,
                     first_name varchar(20) NOT NULL,
                     last_name varchar(20) NOT NULL,
                     email varchar(99) NOT NULL,
                     PRIMARY KEY (username),
                     UNIQUE KEY email (email)
);


CREATE TABLE categories (
                            category_id INT AUTO_INCREMENT PRIMARY KEY,
                            name VARCHAR(255) UNIQUE NOT NULL
);

CREATE TABLE items (
                       item_id INT AUTO_INCREMENT PRIMARY KEY,
                       title VARCHAR(255) NOT NULL,
                       description TEXT NOT NULL,
                       date_posted DATE NOT NULL,
                       price DECIMAL(10, 2) NOT NULL,
                       username varchar(20) NOT NULL,
                       FOREIGN KEY (username) REFERENCES user(username)
);


CREATE TABLE item_categories (
                                 item_id INT NOT NULL,
                                 category_id INT NOT NULL,
                                 PRIMARY KEY (item_id, category_id),
                                 FOREIGN KEY (item_id) REFERENCES items(item_id),
                                 FOREIGN KEY (category_id) REFERENCES categories(category_id)
);

CREATE TABLE reviews (
                         review_id INT AUTO_INCREMENT PRIMARY KEY,
                         item_id INT NOT NULL,
                         username varchar(20) NOT NULL,
                         review_date DATE NOT NULL,
                         score ENUM('Excellent', 'Good', 'Fair', 'Poor') NOT NULL,
                         remark TEXT,
                         UNIQUE (item_id, username),
                         FOREIGN KEY (item_id) REFERENCES items(item_id),
                         FOREIGN KEY (username) REFERENCES user(username)
);

--
-- Dumping data for table `user`
--

LOCK TABLES `user` WRITE;
/*!40000 ALTER TABLE `user` DISABLE KEYS */;
INSERT INTO `user` VALUES ('abernathy.eino','c23791bd3c5540381a2f','Kennedy','Howell','bartoletti.lyric@example.org'),('adams.shanny','d4a803c0124ffa09fc5d','Johathan','Fay','daniel.mallie@example.org'),('andreanne.bergstrom','205ee4942f4e06b28304','Marlon','O\'Keefe','kamren40@example.org'),('arnold.west','d17f977aae91f45dc927','Demarco','Medhurst','irwin05@example.net'),('asa.schowalter','d1dbb2397208a034aa82','Luz','Walker','corkery.louisa@example.com'),('barrows.eliane','9c5d2375ca3ccb5004ef','Silas','Baumbach','vinnie40@example.com'),('bbernier','f4199e8a696825517e87','Frederic','Jaskolski','leonor.casper@example.net'),('boehm.jermain','b7c2482bd5f266ff080a','Karley','Schowalter','feest.sylvester@example.com'),('brad.hoppe','c22ec4b6bfdfd5908e1e','Norwood','Torp','ngraham@example.com'),('briana.rempel','7cd32a8ba38380843c63','Jake','Murphy','gottlieb.danyka@example.com'),('brown.xavier','02103460dd2f3b06f685','Joanie','Simonis','esther31@example.org'),('camden.gerlach','8f27f8921168ed4ae60d','Connor','Mayer','jcartwright@example.com'),('carmella.funk','83c9576d779402e247b8','Eliane','Lowe','boyle.dedrick@example.com'),('cbergstrom','a02da2f1c82a4822c34f','Angel','Funk','talia66@example.com'),('cesar.schaden','f5202888a77a966227d7','Danial','Okuneva','pemard@example.net'),('ckeebler','d8137100ea6053cae5ed','Hiram','Bergnaum','hahn.merlin@example.org'),('cmccullough','ce7ebafec0c6a3dbc795','Jed','Wiza','lillian58@example.net'),('coberbrunner','a2c02f26bca2ca42d411','Nolan','Lang','helga75@example.net'),('cwillms','3fafee5b4ec31db02ca0','Micaela','Skiles','rlockman@example.org'),('darrin.langworth','b9f0107467323fd86fc3','Milford','Walsh','bode.joe@example.org'),('darrion.crist','b00b881097aad4564455','Laisha','Gusikowski','reagan.rice@example.com'),('dbednar','7142f2d03bff9db414ed','Matilda','Conn','bconnelly@example.net'),('delia.bayer','f5d9b0edd5d8cfa76491','Vallie','Hackett','edythe00@example.org'),('dena.homenick','b2de6339c8a24c6e55c8','Joy','Krajcik','lonny55@example.org'),('donnelly.wava','d213612eccda0e53f548','Fredrick','Rodriguez','shanny.veum@example.org'),('doyle.cleora','8b0d7655443dfd7c62bb','Will','Volkman','marjory76@example.com'),('efahey','7931a448f0e1eed5fc25','Marge','Glover','geovanny95@example.org'),('elangosh','f224582b153d9e3f152c','Darlene','Schamberger','labshire@example.com'),('eleonore44','845cf459b2b3bdf04c5f','Hershel','Dickinson','mosciski.maximillian@example.com'),('eudora53','e36ad960f44d311ec7ee','Vicente','Schultz','wkoepp@example.org'),('farrell.arely','71e7302217e8e94d05af','Modesto','Thiel','jkerluke@example.org'),('fay62','6359a343bf45b0c02f62','Brooke','Terry','laura75@example.net'),('flegros','ffbbebc5853f82e60484','Terrell','Ullrich','dstiedemann@example.org'),('fredrick68','e2a4f83d401b4848ecb6','Claude','Kuvalis','kuphal.keaton@example.com'),('garrick80','66c7bc6c8439e72de976','Julia','Abbott','kiehn.karine@example.org'),('garrison27','e13e5e347801c2da94c1','Beryl','Schmidt','tyra.harvey@example.org'),('gcummerata','1f3b81edfcf1334c0587','Elody','Wunsch','barton.therese@example.net'),('greta77','c7af23e3b07372811bd0','Dashawn','Cartwright','noemi88@example.com'),('grimes.efrain','ca7f08e69afda3d9d625','Lyric','Mohr','ckohler@example.org'),('haag.franco','b59244cd1669c0652434','Dorcas','Ratke','agustin38@example.org'),('harrison60','797452ceb4ab0375282b','Tito','Buckridge','eileen17@example.net'),('hayley45','b9834e9b2ce67a1ee787','Alana','Kozey','jeff93@example.net'),('helga63','f559993607a1203950b5','Christiana','Terry','chloe43@example.org'),('herman.ettie','4e323ce9673aed18b77e','Alvera','Dibbert','gorczany.rowan@example.org'),('hhermiston','5edb4129ecaa34e020ec','Morgan','Armstrong','schultz.evelyn@example.com'),('horacio.bahringer','814590a2c11769572f73','Lamont','Gerhold','ekonopelski@example.com'),('hyatt.walker','7b5f61b4f91b06171cc4','Twila','Gerlach','brendon.erdman@example.net'),('ikris','914955226111d8e815e6','Everardo','Simonis','vstanton@example.net'),('jace.dare','3c2cd1d60956bdb8c529','Malcolm','Borer','bertha97@example.com'),('jarrod90','d8a71c38eb3e14e32808','Libbie','Beier','pwitting@example.com'),('jeanette.willms','60ac730dbad78581e4d2','Dedrick','Turcotte','louie.treutel@example.net'),('jherzog','d817c2b169ce54dd6553','Trace','Koepp','fmosciski@example.net'),('junius29','190e1be83ab962bf0b6d','Robin','Rodriguez','pmuller@example.com'),('karolann87','419f4c23651daad27315','Xander','Mayert','alicia.gusikowski@example.net'),('katarina.gottlieb','957c38c3582dc1749935','Diamond','Deckow','streich.winnifred@example.net'),('kuhn.rory','936ff131ff7b7f38bb74','Meta','Casper','onitzsche@example.org'),('lang.abigayle','da824be7597f3cec25a2','Antwan','Cartwright','harber.victor@example.com'),('laron88','bb0996b7f07719149b87','Kamren','Mayer','charlotte16@example.com'),('lavonne15','d2812056bb0ad3e79d59','Jolie','Veum','christelle62@example.org'),('lexi49','71a697013ab356858df4','Gerald','Kovacek','karina60@example.com'),('lhudson','3638d77e14559598a505','Deangelo','Feest','janet.wyman@example.net'),('luther88','7fca5ad970487cfdd5f1','Daniela','Schulist','donnell69@example.net'),('maegan.boehm','7c75cc320d85397767be','Alessandro','Bayer','arutherford@example.net'),('malinda.becker','23b2b6d4acfe4ad19f53','Neha','Parker','qwaelchi@example.com'),('mante.verda','be09de691c2e65cb14e7','Minnie','Kutch','llewellyn21@example.com'),('maxime.jenkins','6a438692b2b9bc0967cd','Shaun','Mills','jschimmel@example.org'),('michale47','b7ace3a81899c6b2f6da','Elyssa','Windler','sophie.yundt@example.org'),('mireille.hodkiewicz','c6d721ccb92863e5432b','Camryn','Franecki','anjali.cormier@example.com'),('monserrate.lesch','254c0fb7276918b39be5','Carlee','Kohler','heller.nigel@example.com'),('murray66','5af140e2373be91dcfe2','Vergie','Doyle','maudie15@example.net'),('myah38','5d4fe5db6f6bf31035b4','Roselyn','Cremin','bhoppe@example.net'),('mylene77','c0de138694c339174b88','Johnathan','Murray','tressie28@example.com'),('naomi.marquardt','7ea2969061124321a797','Elna','Runolfsson','barton.nicolette@example.com'),('nicholaus.bosco','35f5a4a5d6fa6901e7f5','Lauretta','Schmitt','yessenia.feeney@example.org'),('nikolaus.ryan','38243787aef82eb7d8c7','Raina','Kihn','kelsie.botsford@example.org'),('oabernathy','29acbd43131cf17bef1b','Jarvis','Bechtelar','hmoore@example.net'),('ocremin','9b1d469e8fd236f9a6b8','Gay','Rohan','general.bosco@example.net'),('ogibson','7848d7fe629c9d6c4063','Johnny','Toy','romaguera.alexandria@example.com'),('owatsica','172bd206c2990af94fc8','Drew','Metz','whayes@example.com'),('randal.boyer','530b0b3213a8f2889969','Ellis','Abbott','sigrid.conroy@example.org'),('rasheed97','aec481d113efc9c96d04','German','Ortiz','retta90@example.org'),('rippin.nicolas','de944204d7e160cf6928','Maria','Lemke','qfeil@example.com'),('ritchie.bertha','a7ba97204b782824aa99','Natalie','Towne','jlabadie@example.net'),('roman.sipes','a336b2719dbea4449b9a','Deangelo','Emard','bennie.berge@example.org'),('ryan.alexandra','272c01ca4dc7b7770315','Bridie','Mueller','dcummings@example.com'),('sammy73','b1581539804eb64bd65f','Mohammed','Hayes','ezemlak@example.org'),('sherman.roob','3c7544d72b490b1cd46a','Caden','Koelpin','stiedemann.duncan@example.org'),('stacy84','a6e665b788442975cbfd','Deshawn','Howe','frederick41@example.com'),('stewart80','2e7890ca79ef1363a8fe','Payton','Kemmer','lou26@example.org'),('susan58','ccf2dfa81bdcd25f934d','Shirley','Steuber','haylee87@example.org'),('sydney57','0e897f7f900fbb3ce05e','Derick','Heidenreich','bashirian.merritt@example.net'),('tara.thiel','611bac5f7a38e13d3f24','Krystel','Hoeger','karlie.mertz@example.org'),('tdicki','e87bd8598529496b5088','Jarrett','Cartwright','jaydon20@example.com'),('tyrell.goldner','6bdd72d1d1f30819e36c','Gracie','Dietrich','chester61@example.org'),('udietrich','e6c5e14ab2151e8feb47','Angelica','Muller','hoppe.astrid@example.org'),('uhudson','1a83a070594f24ced924','Gardner','Pagac','gusikowski.madisen@example.net'),('vconsidine','b209c2d6352064f5187a','Daphnee','Herzog','bheathcote@example.com'),('vstokes','3d936a1d3714c6153d67','Aubrey','Deckow','eva.gerlach@example.com'),('xmosciski','bf711303e3912d1b0408','Daphnee','Crist','schulist.alysson@example.com'),('ycrona','e3ef2c73cefe6295f9b5','Rita','Zieme','welch.jean@example.com');
/*!40000 ALTER TABLE `user` ENABLE KEYS */;
UNLOCK TABLES;
/*!40103 SET TIME_ZONE=@OLD_TIME_ZONE */;

/*!40101 SET SQL_MODE=@OLD_SQL_MODE */;
/*!40014 SET FOREIGN_KEY_CHECKS=@OLD_FOREIGN_KEY_CHECKS */;
/*!40014 SET UNIQUE_CHECKS=@OLD_UNIQUE_CHECKS */;
/*!40101 SET CHARACTER_SET_CLIENT=@OLD_CHARACTER_SET_CLIENT */;
/*!40101 SET CHARACTER_SET_RESULTS=@OLD_CHARACTER_SET_RESULTS */;
/*!40101 SET COLLATION_CONNECTION=@OLD_COLLATION_CONNECTION */;
/*!40111 SET SQL_NOTES=@OLD_SQL_NOTES */;


--
-- Dumping data for table `categories`
--

LOCK TABLES `categories` WRITE;
/*!40000 ALTER TABLE `categories` DISABLE KEYS */;
INSERT INTO `categories` VALUES (93,'a'),(34,'ab'),(42,'accusantium'),(100,'ad'),(12,'alias'),(61,'animi'),(26,'aperiam'),(4,'architecto'),(54,'aspernatur'),(97,'at'),(66,'atque'),(31,'aut'),(57,'autem'),(96,'blanditiis'),(84,'consectetur'),(49,'consequatur'),(7,'consequuntur'),(70,'corporis'),(59,'debitis'),(99,'deserunt'),(86,'distinctio'),(15,'dolor'),(17,'dolorem'),(47,'doloremque'),(50,'doloribus'),(3,'dolorum'),(81,'ducimus'),(16,'ea'),(87,'earum'),(44,'eius'),(94,'eligendi'),(27,'eos'),(63,'est'),(13,'et'),(29,'eum'),(75,'ex'),(74,'expedita'),(8,'explicabo'),(14,'facere'),(79,'fuga'),(43,'fugit'),(56,'harum'),(51,'id'),(58,'illo'),(5,'in'),(35,'incidunt'),(88,'ipsa'),(10,'ipsum'),(36,'iste'),(55,'itaque'),(24,'iusto'),(18,'labore'),(46,'magni'),(19,'maiores'),(11,'minima'),(98,'modi'),(64,'molestiae'),(38,'molestias'),(78,'mollitia'),(73,'natus'),(92,'necessitatibus'),(39,'neque'),(90,'nesciunt'),(68,'nisi'),(23,'odio'),(25,'officiis'),(41,'omnis'),(45,'provident'),(1,'quam'),(21,'qui'),(30,'quia'),(71,'quis'),(77,'quod'),(95,'quos'),(80,'recusandae'),(60,'reiciendis'),(40,'rem'),(91,'repellat'),(62,'rerum'),(20,'sed'),(65,'sint'),(53,'sit'),(76,'soluta'),(89,'tempora'),(32,'temporibus'),(82,'tenetur'),(9,'totam'),(37,'ullam'),(52,'unde'),(22,'ut'),(85,'vel'),(2,'velit'),(6,'veniam'),(33,'veritatis'),(69,'vero'),(28,'voluptas'),(72,'voluptate'),(48,'voluptatem'),(83,'voluptates'),(67,'voluptatum');
/*!40000 ALTER TABLE `categories` ENABLE KEYS */;
UNLOCK TABLES;
/*!40103 SET TIME_ZONE=@OLD_TIME_ZONE */;

/*!40101 SET SQL_MODE=@OLD_SQL_MODE */;
/*!40014 SET FOREIGN_KEY_CHECKS=@OLD_FOREIGN_KEY_CHECKS */;
/*!40014 SET UNIQUE_CHECKS=@OLD_UNIQUE_CHECKS */;
/*!40101 SET CHARACTER_SET_CLIENT=@OLD_CHARACTER_SET_CLIENT */;
/*!40101 SET CHARACTER_SET_RESULTS=@OLD_CHARACTER_SET_RESULTS */;
/*!40101 SET COLLATION_CONNECTION=@OLD_COLLATION_CONNECTION */;
/*!40111 SET SQL_NOTES=@OLD_SQL_NOTES */;

--
-- Dumping data for table `items`
--

LOCK TABLES `items` WRITE;
/*!40000 ALTER TABLE `items` DISABLE KEYS */;
INSERT INTO `items` VALUES (1,'Voluptas id recusandae ut quia.','Doloremque quis quis ea eos qui. Aut illo aperiam praesentium eos modi voluptatem. Sequi veniam adipisci unde error. Neque et dolorem nihil sed cupiditate consectetur necessitatibus voluptatem. Commodi maiores dolores exercitationem ut ipsam sit ut et.','2020-08-25',69.50,'abernathy.eino'),(2,'Quo amet sit reprehenderit blanditiis nemo excepturi.','Dolorem iusto nam sed temporibus sint libero non natus. Sit facere vel quasi. Sint magni perferendis aspernatur repellendus non eos voluptate aut. Saepe porro iure omnis aspernatur doloremque illo.','1978-05-14',51.00,'adams.shanny'),(3,'Aut ducimus ex consequatur et rerum illo.','Quod inventore quaerat quis voluptatibus officiis aut. Velit voluptatem ducimus quibusdam quis molestias rerum dolorem amet. Quia quasi est delectus reprehenderit officiis. Et voluptatum suscipit nesciunt suscipit cupiditate ut.','2005-10-30',322914.00,'andreanne.bergstrom'),(4,'Iste magnam voluptatem impedit.','Nostrum ducimus consequatur quo id dicta quibusdam. Minima magnam quam deserunt nobis mollitia voluptas. Eius velit quo quae alias. Et fugiat aspernatur vitae impedit.','2000-12-31',2478883.60,'arnold.west'),(5,'Unde sed inventore dolor reprehenderit qui sed.','Sed ea officiis illum dolor inventore veniam. Rerum fuga necessitatibus similique ut aut. Soluta laudantium neque fugiat autem laborum. Tenetur pariatur possimus repudiandae ipsum vero.','1991-01-03',0.00,'asa.schowalter'),(6,'Culpa odit et veniam quaerat sunt.','Laudantium est assumenda totam aut sit suscipit ab. Quis ut ut veritatis enim. Adipisci non blanditiis accusantium dolores qui quibusdam iusto. Qui consectetur odio qui repudiandae corrupti ut.','1977-12-10',21.18,'barrows.eliane'),(7,'Veritatis commodi reiciendis voluptates veritatis.','Et voluptatum facere aut explicabo. Quia totam aperiam quia possimus ex a inventore. Alias eum magnam rerum illum autem quisquam placeat quae.','1990-08-12',5.64,'bbernier'),(8,'Quos tempore quis laboriosam.','Libero eaque non et non sunt temporibus. Culpa ut ut qui. Veritatis tenetur ut magni hic ut eum labore et.','1993-02-20',99999999.99,'boehm.jermain'),(9,'Officia deserunt earum facere.','Debitis ut enim ea perferendis unde. Atque quam quisquam et consequatur et. Doloribus voluptatem aut quis sed vero autem perspiciatis.','1991-05-02',7.56,'brad.hoppe'),(10,'Et tempore dolore et rem assumenda ad.','Cumque sunt sunt non. Est officiis odio nisi molestias. At est labore ut est velit qui.','1997-10-07',19288585.50,'briana.rempel'),(11,'Sint autem rerum qui voluptas.','Repellendus voluptas saepe ipsam nulla mollitia blanditiis. Fuga molestias ex et earum aliquam reprehenderit. Voluptatem eius ipsum pariatur perferendis. Doloremque nihil tenetur qui qui sit.','2015-06-25',300.39,'brown.xavier'),(12,'Et quasi quia id dolores.','Beatae temporibus consequuntur consequuntur voluptatem non. Corrupti voluptatem et expedita. Fugiat quia non alias ea excepturi.','1983-03-30',262898.25,'camden.gerlach'),(13,'Odio dolor et magnam soluta ullam expedita qui.','Labore debitis accusamus sunt. Quia qui expedita iste voluptas iure.','1997-04-25',8973614.25,'carmella.funk'),(14,'Eius quasi reiciendis maxime possimus.','Sunt accusantium praesentium blanditiis consequuntur totam sequi. Eum voluptatem quia sit cupiditate deleniti illum eos.','1990-08-06',7.00,'cbergstrom'),(15,'Beatae facilis sunt rerum ullam atque et reiciendis.','Enim adipisci dolor vel rerum nam. Occaecati aut accusamus exercitationem quas. Ea dolores reprehenderit officiis voluptas.','1974-06-27',73580.06,'cesar.schaden'),(16,'Enim tenetur tempore dolorem ut sit voluptatibus.','Ad quia beatae a rerum dolores. Deserunt autem ut fugiat placeat in sint. Libero autem porro facilis voluptates placeat aut.','1976-09-30',1430.79,'ckeebler'),(17,'Aut inventore culpa quasi a est consequatur.','Id ab voluptas dolores qui voluptate in. Et qui laborum quaerat magnam similique soluta excepturi et. Veniam ex doloremque tempora laborum. Soluta dolor qui consectetur adipisci laborum a.','1995-03-19',34200.04,'cmccullough'),(18,'Mollitia aut est esse aut voluptatem.','Exercitationem dolore ut expedita eum eligendi voluptas molestiae. Quia sint recusandae quia assumenda molestiae quam. Facere deserunt in officia aut atque quo corrupti. Aperiam dolorem perspiciatis veniam quisquam sed quia quod.','1988-02-25',109752.66,'coberbrunner'),(19,'Optio rerum sapiente iure accusantium accusamus ullam voluptatem.','Expedita non minima sed aut labore. Quasi et quos illum reiciendis. Est sapiente enim consectetur.','2022-04-04',16248305.79,'cwillms'),(20,'Ipsa quasi dicta quidem asperiores repudiandae fugiat.','Sunt dolores culpa nihil minima qui. Error aliquam nihil optio omnis explicabo in et.','2012-02-26',13.00,'darrin.langworth'),(21,'Expedita occaecati ut quis.','Repudiandae aut sed quisquam nisi. Eligendi consequatur quod est deserunt voluptate laborum voluptatum. Atque autem ducimus dolor sapiente voluptatem. A dolores esse eos necessitatibus qui minima reiciendis.','2015-01-15',5.14,'darrion.crist'),(22,'Consectetur rem consequuntur ea voluptas.','Ut repellendus deserunt consequatur quia impedit aliquid iste. Magni consequatur incidunt voluptatibus. Sit quia et molestiae quidem nisi odit excepturi fugiat. Dolorem nobis aliquam qui.','1996-07-22',531299.37,'dbednar'),(23,'Magnam molestiae dolor enim nulla.','Expedita voluptas molestias natus aspernatur quidem. Saepe et officia voluptas qui. Qui asperiores dolores blanditiis dolores modi numquam.','2002-07-18',22551.00,'delia.bayer'),(24,'Autem sint sapiente quo rerum.','Similique asperiores at qui iusto quos. Sunt error dignissimos quibusdam. Amet debitis sequi quo velit.','1977-02-23',1049905.87,'dena.homenick'),(25,'Consectetur molestias quis et quisquam ut dolorem qui.','Accusantium vel consequatur rerum aliquid. Accusamus amet qui ipsa adipisci eum a.','1984-08-14',7660482.07,'donnelly.wava'),(26,'Ab illum quod blanditiis aspernatur cumque quis.','Qui numquam fugit ut quia. Porro illo sit repudiandae deserunt eos. Explicabo sit ut earum magni doloremque fugit.','1973-10-31',99999999.99,'doyle.cleora'),(27,'Dolorum occaecati officia occaecati eos tempore rerum doloribus.','Nobis ab minima distinctio distinctio. Incidunt vitae velit modi voluptatibus eveniet nobis est. Animi repudiandae voluptas sit culpa inventore illum quos. Cum id ab soluta in.','1985-07-09',162.26,'efahey'),(28,'Corporis excepturi aut ad aliquid maxime.','Minima debitis molestiae iste aut blanditiis est possimus. Rerum dicta doloremque quod recusandae corporis laboriosam omnis. Harum eius optio et perspiciatis maiores dignissimos et. Voluptates accusamus molestias sit quam voluptate quia eligendi.','1971-01-31',750.48,'elangosh'),(29,'Rerum temporibus itaque facere velit.','Autem ex ipsa necessitatibus ratione unde. Eos vitae est maxime sunt nulla delectus excepturi. Ratione cum qui sed saepe consectetur voluptatem minus.','2000-01-12',99999999.99,'eleonore44'),(30,'Quidem rem et rerum iusto aperiam culpa et.','Quae molestias blanditiis quisquam et vero. Qui velit similique facilis ea non. Animi cumque adipisci sunt aut optio cupiditate. Autem est omnis ducimus eos nemo et eos mollitia.','1994-09-13',134791.00,'eudora53'),(31,'Quidem similique esse illum soluta fuga aut.','Magnam velit nostrum iste nobis mollitia et. Ut iste quia ab nam. Pariatur rem corporis voluptatum labore aut inventore saepe. Doloribus sed sequi et voluptatum minima sit repellendus.','2021-09-28',99999999.99,'farrell.arely'),(32,'Vero qui maiores numquam sit est.','Sunt perspiciatis omnis labore ea repellat. Sapiente pariatur natus possimus tempore. Perferendis eaque et et quisquam eaque et sit exercitationem. Repellat sit hic quis delectus expedita. Voluptate aperiam adipisci sapiente et nihil pariatur.','1993-06-02',14980640.50,'fay62'),(33,'Deserunt odit corporis et et.','Saepe quasi non quidem incidunt. Ad eligendi omnis nisi ut necessitatibus. Et praesentium ad qui illo corporis ut.','1979-06-25',28104.17,'flegros'),(34,'Voluptatem minus ipsam officiis alias non perferendis magnam aut.','Possimus molestiae est repellendus soluta quasi. Expedita reprehenderit sequi necessitatibus cumque. Officiis molestias quis dolorem commodi est magni nihil.','1983-12-10',0.00,'fredrick68'),(35,'Totam unde temporibus sit eos blanditiis.','Et eum est dicta assumenda enim earum suscipit. Incidunt ad impedit est debitis. Incidunt ipsum excepturi qui magnam.','1988-09-24',21086465.04,'garrick80'),(36,'Quia harum vero molestias omnis quo.','Facilis quia sunt necessitatibus earum quos. Aperiam nostrum quasi praesentium ratione odit facere doloremque. Consequuntur et explicabo sit quia modi.','2018-07-03',559.43,'garrison27'),(37,'Sit perspiciatis quisquam excepturi quod sint.','Distinctio quasi explicabo ad libero. Quisquam fugit tempora aspernatur dolores. Ducimus sit ut consectetur perspiciatis.','2000-04-22',1607861.92,'gcummerata'),(38,'Perferendis beatae similique deleniti itaque eligendi.','Fugit ipsum et rerum saepe. Dolores nostrum praesentium magnam natus. Minus magni velit maxime temporibus. Maiores sed nihil qui qui qui.','1999-07-29',44.25,'greta77'),(39,'Et ipsa quisquam maxime et eligendi voluptatem et.','Ut praesentium omnis ipsa ea. Fugiat et rerum et id quod nulla. Et ea reiciendis nihil culpa doloremque natus possimus. Aut itaque assumenda tempore inventore possimus.','1978-03-11',5391124.27,'grimes.efrain'),(40,'Dolor quia nihil laudantium amet.','Et sint iure odio distinctio nemo mollitia. Dolorem aut aliquid aut harum ratione voluptas. Est consequatur est aliquid vitae cum enim.','1971-08-26',3420.97,'haag.franco'),(41,'Cumque commodi accusantium iure aut ab aspernatur.','Nulla totam aliquam voluptates ut. Numquam et ut omnis tempora omnis aut ducimus. Itaque aperiam eum nam ad.','2003-12-08',3249.04,'harrison60'),(42,'Eligendi ut sapiente deserunt totam asperiores.','Ut dolor tempora ut enim. Aut officiis voluptatem fugit beatae laborum. Nulla magni laborum eligendi cumque quod numquam. Numquam praesentium sed ut.','2009-12-29',35593779.15,'hayley45'),(43,'Tempore doloribus autem et explicabo ullam.','Quia neque qui qui molestiae ut. Consequatur vero et officiis tenetur doloremque asperiores. Rerum quia laboriosam nihil inventore et tempora.','1986-04-11',99999999.99,'helga63'),(44,'Eaque ut architecto est omnis dolores molestiae.','Asperiores qui ea id quidem laudantium quaerat fugit commodi. Quia voluptatibus molestias rerum. Laudantium perspiciatis facilis sint nihil alias a assumenda blanditiis.','1992-03-04',34.24,'herman.ettie'),(45,'Quo amet ipsam reprehenderit corporis eligendi non.','Eos itaque facere facere sunt dolorem esse. Rerum dolorem distinctio velit provident debitis. Aut quos qui reprehenderit est.','1970-11-08',99999999.99,'hhermiston'),(46,'Excepturi rerum facere eum alias qui eius quo.','Minima sit dolorem velit rerum totam adipisci non. Libero saepe sit ut sed. Perspiciatis eaque libero occaecati suscipit.','2003-09-20',86309398.00,'horacio.bahringer'),(47,'Repudiandae excepturi consequatur reprehenderit fuga quasi aut quis.','Voluptatem quis natus nihil consequatur accusantium. Harum animi cum dicta ut totam eos. Officiis tempore porro est officia veniam omnis. Placeat commodi voluptatem ullam excepturi exercitationem tempora.','1992-12-21',1.31,'hyatt.walker'),(48,'Fugit non et nesciunt nam ipsa qui.','Saepe quo esse doloremque velit. Quis quia et aut laboriosam sed fuga. Necessitatibus est quos optio ut facilis. Delectus iure qui consectetur sed aut reiciendis tempora.','1996-04-03',8233.74,'ikris'),(49,'Et nobis ducimus rerum quaerat deleniti rerum sit.','Rerum sint recusandae voluptates quisquam voluptas rem in. Dicta sit aliquid veniam sunt dolorum molestias debitis. Aliquid corrupti culpa voluptatem. Nesciunt sit ipsa rerum et nisi eum fugiat incidunt.','2003-03-25',1431164.36,'jace.dare'),(50,'Aperiam voluptatem accusamus vero odio mollitia reprehenderit perspiciatis.','Et sed omnis voluptate recusandae fugit reprehenderit. Tenetur possimus animi dolorem in similique laudantium nesciunt. Ex ea laudantium possimus expedita quibusdam autem.','2005-11-13',74664084.80,'jarrod90'),(51,'Voluptas accusantium tenetur inventore.','Qui consequatur et voluptatem. Consequatur sint et aperiam hic et dolores.','1983-01-23',123087.24,'jeanette.willms'),(52,'Enim et et dolores.','Quia rerum nisi nihil at dolor et ducimus nobis. Porro repudiandae quasi omnis sed sed optio. Non a et quisquam cupiditate aperiam consequatur ad. Quia tempora qui dolores odit.','1988-10-27',4995134.54,'jherzog'),(53,'Dolore dolorum eos beatae a blanditiis.','Eaque praesentium minima atque fugit voluptatem dolores. Omnis neque expedita ut ab perferendis. Eos iusto rerum et dicta molestiae dicta. Sapiente odio voluptatem sed labore nemo.','1973-11-26',1885500.00,'junius29'),(54,'Ut suscipit vel et voluptatum natus quis impedit ut.','Aut voluptatem et eaque amet expedita. Autem sit recusandae eos. Autem qui voluptas voluptate assumenda repellat ut aut. Quaerat nihil labore dolores omnis. Facilis et est expedita animi nihil eaque adipisci.','2019-12-21',7156414.23,'karolann87'),(55,'Accusantium quasi exercitationem dolores aperiam illum.','Eligendi architecto praesentium sunt sunt deleniti ut. Dignissimos architecto rem doloribus. Alias veniam fugit non qui voluptatem. Enim a quod qui fugit quidem iste nesciunt voluptatibus.','1976-11-09',504.00,'katarina.gottlieb'),(56,'Id possimus natus facilis sed odit expedita sed.','Voluptatem necessitatibus eligendi sit ab nobis nam deserunt modi. Aut mollitia doloremque ratione. Cum dolorem velit reprehenderit non eveniet corrupti ut. Quas vero facere sed vero voluptates sed ut. Eligendi et impedit sequi reprehenderit quia.','1987-07-20',76.78,'kuhn.rory'),(57,'Architecto qui possimus id sit aliquam.','Voluptates voluptatum et nesciunt tempora. Reprehenderit aut eum omnis est. Ad repellat reprehenderit sint omnis ut. Molestias nesciunt molestiae voluptas nobis nihil.','1972-05-30',249.83,'lang.abigayle'),(58,'Consequatur officia voluptas unde praesentium.','Tempore ipsam rem quia provident. Doloribus at quos quibusdam tempora doloribus voluptas sit laudantium. Asperiores eius quia eaque alias eum corrupti fuga.','1997-03-15',68446720.64,'laron88'),(59,'Soluta omnis sapiente aspernatur.','Placeat voluptatem voluptas quibusdam non quis aut odio. Sed non et ex magnam ea nobis non enim. Natus nesciunt assumenda ratione exercitationem consequuntur. Qui voluptatem sunt impedit iure rerum.','1987-07-16',35395804.30,'lavonne15'),(60,'Aliquam harum facere voluptatem ipsam quam voluptates.','Quisquam amet occaecati maxime quas at tempore. Aut facilis quidem ea eum a ad praesentium. Et magni veritatis adipisci corporis aut.','1993-11-30',4996252.00,'lexi49'),(61,'Maxime repudiandae laboriosam ipsam aut maxime est.','Eius aut recusandae nisi voluptas aliquid optio. Animi et nisi delectus aut doloribus et temporibus. Recusandae quas sit suscipit.','1975-11-24',936.60,'lhudson'),(62,'Modi autem neque sunt optio ducimus nemo rerum.','Est eaque sed vitae animi debitis eius harum. Mollitia modi aut exercitationem illo voluptatem voluptas. Pariatur non maxime reprehenderit sint corporis est.','1978-03-18',403.47,'luther88'),(63,'Tempore qui ea sit quia quo.','Vel temporibus fugiat omnis. Laudantium excepturi autem quia similique facere.','2017-01-25',66026248.39,'maegan.boehm'),(64,'Consectetur doloremque quidem debitis ut delectus doloremque magnam.','Sint a quod soluta doloremque sint optio. Non ut mollitia aut a totam omnis. Sit debitis pariatur ad voluptatum est sit autem.','2013-01-21',1.06,'malinda.becker'),(65,'Est dolorum sequi et repellendus quas.','Est omnis voluptate atque impedit consequatur rem eligendi. Minus vero repellendus magnam possimus id voluptatibus eligendi enim. Sed laudantium quod earum ea nemo.','1985-12-09',3688026.51,'mante.verda'),(66,'Voluptatem officia atque ut voluptas dignissimos voluptatem temporibus.','Et enim laboriosam nihil et. Vitae quos ea sapiente numquam alias adipisci officia. Deserunt velit quae distinctio. Amet eum dignissimos molestias.','1977-05-07',23.67,'maxime.jenkins'),(67,'Illum quia repudiandae porro animi et nesciunt.','Nostrum dolore ratione at qui. Sequi rerum quia doloribus eveniet omnis.','1983-09-22',99999999.99,'michale47'),(68,'Enim fugiat harum enim maxime eum molestiae.','Vero modi corporis autem in incidunt quia. Vel libero praesentium enim quos accusamus quis. At porro aut tempora. Molestiae dolorem esse sed qui.','1973-03-27',49628.12,'mireille.hodkiewicz'),(69,'Nam nisi vel praesentium et facere quia reiciendis laboriosam.','Ut aspernatur vero repellendus dolore molestiae. Pariatur quis aut aperiam cum. Porro voluptas inventore occaecati sint vel exercitationem corporis. Atque quia asperiores sed cupiditate quae.','2016-04-16',0.00,'monserrate.lesch'),(70,'Qui eveniet aut assumenda illum veritatis aut laborum.','Et repellendus ut ipsam iste in praesentium autem. Aspernatur et repudiandae eos dolorem magnam voluptates unde cum. Voluptatum omnis beatae quod dolor qui et. Mollitia ut cupiditate beatae dolore totam. Accusamus nulla sed omnis nam ut accusamus.','1984-06-11',5206.00,'murray66'),(71,'Vero fugiat qui in amet dignissimos et aut.','In eveniet tenetur qui facere. Ad alias aut praesentium ut eum. Quia consequatur alias illum labore enim voluptas culpa. Eaque non quia architecto repellat deleniti. Non et vel dolor.','1981-02-17',99999999.99,'myah38'),(72,'Officia explicabo consequatur dolorum quia.','Reprehenderit autem qui qui numquam est. Repellendus et omnis voluptas numquam. Tempore saepe minima non quasi.','2013-11-07',2434.12,'mylene77'),(73,'Accusamus fugit rerum ullam qui facilis repudiandae quasi.','Aliquid et omnis delectus enim dolorum qui. Quia natus qui doloribus voluptatum animi et inventore. Totam provident eligendi eos perspiciatis temporibus beatae omnis. Optio dolor cupiditate voluptatem commodi.','1996-04-26',99999999.99,'naomi.marquardt'),(74,'Sint natus non rem voluptatem reprehenderit ut aut deserunt.','Voluptatem iusto facilis sint. Veritatis veniam labore ut itaque perferendis quis quo.','1977-03-21',99999999.99,'nicholaus.bosco'),(75,'Perspiciatis est quis ipsa beatae eum corrupti.','Mollitia dicta quo ab iure quas vel. Delectus neque eaque nihil autem vel provident recusandae. Atque qui sequi ea tenetur atque aut excepturi.','1999-12-06',976289.06,'nikolaus.ryan'),(76,'Quibusdam voluptatem voluptate ex dolor asperiores natus officia.','Omnis expedita quas sit modi repellat ipsum voluptatem. Totam est voluptatum et pariatur inventore veniam enim. Dicta libero quae in laboriosam pariatur. Accusamus architecto minima voluptatem distinctio.','1974-06-19',4006051.76,'oabernathy'),(77,'Incidunt animi blanditiis corrupti dolorem ea qui error.','Omnis enim doloremque perspiciatis in est nostrum. Provident quia et dicta molestiae. Ab aut consequatur molestiae quibusdam et non ut. Sed quidem natus hic.','1974-04-17',99999999.99,'ocremin'),(78,'Amet quidem necessitatibus incidunt autem iusto.','Aliquam molestias a doloremque ad. Eos qui omnis blanditiis corporis.','1997-04-08',26.88,'ogibson'),(79,'Magnam rerum fuga laboriosam velit qui.','Minus debitis natus molestiae laudantium et ea consequatur. Repellat aliquid qui assumenda. Id totam voluptate velit rerum voluptates. Commodi possimus architecto et perspiciatis.','1999-10-17',77482.81,'owatsica'),(80,'Vel quaerat laudantium voluptas libero aperiam vel unde modi.','Veritatis iure quia nam ullam sit minima sunt. Quae architecto sunt beatae. Dolor quod corporis nemo non sunt eum.','2020-10-14',1.05,'randal.boyer'),(81,'Placeat consequatur libero voluptatem in et mollitia.','Sit quaerat et dolorum fuga. Reiciendis est rerum id accusantium accusamus. Voluptas quisquam ex fuga non id omnis exercitationem fugit. Adipisci qui tempora officiis quae iste qui.','1972-01-10',99999999.99,'rasheed97'),(82,'Architecto ea unde sit qui quam.','Sed atque voluptate dolore nemo maxime. Quasi dolorem officiis nemo odio autem minima omnis. Provident ratione dolor soluta nisi rerum. Doloremque veniam veniam tempora deleniti esse doloremque rem.','1975-02-21',2574335.05,'rippin.nicolas'),(83,'Minus architecto reprehenderit autem reprehenderit voluptatem vel commodi.','Et rem vel ut reiciendis odio voluptas sit. Omnis eum velit veniam nisi qui sunt omnis veniam. Officiis et quo ab exercitationem porro earum.','2001-07-05',1.00,'ritchie.bertha'),(84,'Autem magnam non quo velit quidem non.','Optio illum nobis doloribus autem possimus. Id quisquam modi qui magnam vel delectus. Veritatis ut adipisci deserunt laudantium delectus ea atque.','2017-03-29',4302.07,'roman.sipes'),(85,'Qui voluptas quia dolor.','Ullam alias aperiam inventore doloremque deserunt aut. Dignissimos optio natus ea et asperiores accusamus eligendi. Nulla dolor culpa quasi amet impedit explicabo sed ut.','1998-10-21',19071.17,'ryan.alexandra'),(86,'Fugiat quo aspernatur dolores.','Reprehenderit est aut ab dicta quos. Totam accusamus illum nemo asperiores architecto. Sed culpa sit est voluptas nisi dolor voluptatibus. Deserunt sit porro voluptatem omnis.','1994-02-18',0.00,'sammy73'),(87,'Sed omnis consectetur repudiandae.','Omnis dolores aut accusantium aut. Doloremque corrupti asperiores cupiditate libero. Et provident perferendis quidem voluptatum voluptatem doloremque reiciendis vel.','2017-05-20',1550283.20,'sherman.roob'),(88,'Omnis quis aut commodi sit necessitatibus praesentium veniam laborum.','Aut voluptate officia sint. Error cum ut hic consequatur fugiat est. Mollitia iste sunt voluptate.','1991-03-18',618.55,'stacy84'),(89,'Necessitatibus iusto sed quo accusamus voluptatem.','Rerum molestias architecto et nulla. Non consequatur magnam quia quis quae. Qui enim suscipit cumque et consequatur quia enim. Nisi eligendi totam dolorem voluptatem id dolorem.','1990-11-11',3370584.15,'stewart80'),(90,'Est quo rerum ut ut.','Culpa in quia ea ipsa corporis sint voluptatibus sed. Quod facilis aspernatur et velit. Quaerat quos earum quo placeat corporis. Hic repellendus et nihil soluta sed sunt.','2019-07-21',13218294.01,'susan58'),(91,'Culpa id enim tempora at atque laborum placeat.','Vitae deleniti rerum aut optio non. Qui dignissimos repellendus expedita sunt minima omnis vitae. Quia quam dignissimos voluptas nobis inventore. Atque repellat vitae ea fugit voluptatibus qui voluptas.','1981-01-22',4519.59,'sydney57'),(92,'Labore similique et neque odio corrupti rem.','Deserunt sed rerum et saepe qui autem. Aliquid et itaque animi et atque expedita sequi. Autem ex enim veritatis qui natus delectus tempora ut. Illum quos et in. Voluptas pariatur eos facilis minima quibusdam unde quasi.','1997-10-13',9361211.23,'tara.thiel'),(93,'Temporibus est veniam sequi molestias voluptatibus.','Omnis accusamus exercitationem velit labore qui aut et autem. Qui porro rem consectetur sint vero. Cupiditate culpa beatae perspiciatis. Enim molestiae nihil rem.','1975-03-02',5.40,'tdicki'),(94,'Vel aut amet expedita distinctio.','Aspernatur architecto sit odio dolor suscipit sapiente et. Non atque velit et asperiores asperiores quis qui. Repudiandae porro impedit autem perspiciatis commodi aut. Quod ea optio animi sed hic magni.','1974-02-15',108.68,'tyrell.goldner'),(95,'Ratione ut iusto incidunt dolorem quam molestias.','Quod sint ex sunt non rem. Voluptatem rerum assumenda ratione vitae voluptatem. Omnis nobis qui in incidunt est repellat exercitationem.','1989-06-25',8347.35,'udietrich'),(96,'Provident expedita ullam reprehenderit doloribus.','Architecto nulla harum excepturi expedita est id. Natus nemo rerum nesciunt est vel dolor.','2004-11-14',16.59,'uhudson'),(97,'Et repellendus non et.','Sequi voluptatem ut ex nostrum facilis et culpa. Et qui autem nemo temporibus beatae sit. Officiis assumenda est ut est aut.','2020-10-03',47096.59,'vconsidine'),(98,'Perspiciatis rem veniam nihil eveniet quia.','Itaque distinctio ad rem labore dolore ratione sed. Ut commodi sint qui alias quasi sunt ut. Similique vero ea nobis in dicta quibusdam error.','2009-04-16',919707.79,'vstokes'),(99,'Commodi ea distinctio quibusdam et reprehenderit necessitatibus quia.','Aut vel voluptatibus at eum sed necessitatibus. Perferendis explicabo ut non dolorum assumenda. Provident debitis perspiciatis velit minima. Ut excepturi maiores mollitia totam.','2007-11-06',2936796.82,'xmosciski'),(100,'Aliquid voluptatem repudiandae debitis et quidem libero aperiam.','Consequatur minus mollitia aut officia possimus veniam. Magnam sit beatae sunt temporibus repudiandae officiis eos. Neque perspiciatis vel quaerat expedita natus omnis ullam. Provident quia minima aut minima dolorem vero. Dolorum aut maxime maxime et autem.','2019-04-16',0.00,'ycrona');
/*!40000 ALTER TABLE `items` ENABLE KEYS */;
UNLOCK TABLES;
/*!40103 SET TIME_ZONE=@OLD_TIME_ZONE */;

/*!40101 SET SQL_MODE=@OLD_SQL_MODE */;
/*!40014 SET FOREIGN_KEY_CHECKS=@OLD_FOREIGN_KEY_CHECKS */;
/*!40014 SET UNIQUE_CHECKS=@OLD_UNIQUE_CHECKS */;
/*!40101 SET CHARACTER_SET_CLIENT=@OLD_CHARACTER_SET_CLIENT */;
/*!40101 SET CHARACTER_SET_RESULTS=@OLD_CHARACTER_SET_RESULTS */;
/*!40101 SET COLLATION_CONNECTION=@OLD_COLLATION_CONNECTION */;
/*!40111 SET SQL_NOTES=@OLD_SQL_NOTES */;


--
-- Dumping data for table `item_categories`
--

LOCK TABLES `item_categories` WRITE;
/*!40000 ALTER TABLE `item_categories` DISABLE KEYS */;
INSERT INTO `item_categories` VALUES (1,1),(2,2),(3,3),(4,4),(5,5),(6,6),(7,7),(8,8),(9,9),(10,10),(11,11),(12,12),(13,13),(14,14),(15,15),(16,16),(17,17),(18,18),(19,19),(20,20),(21,21),(22,22),(23,23),(24,24),(25,25),(26,26),(27,27),(28,28),(29,29),(30,30),(31,31),(32,32),(33,33),(34,34),(35,35),(36,36),(37,37),(38,38),(39,39),(40,40),(41,41),(42,42),(43,43),(44,44),(45,45),(46,46),(47,47),(48,48),(49,49),(50,50),(51,51),(52,52),(53,53),(54,54),(55,55),(56,56),(57,57),(58,58),(59,59),(60,60),(61,61),(62,62),(63,63),(64,64),(65,65),(66,66),(67,67),(68,68),(69,69),(70,70),(71,71),(72,72),(73,73),(74,74),(75,75),(76,76),(77,77),(78,78),(79,79),(80,80),(81,81),(82,82),(83,83),(84,84),(85,85),(86,86),(87,87),(88,88),(89,89),(90,90),(91,91),(92,92),(93,93),(94,94),(95,95),(96,96),(97,97),(98,98),(99,99),(100,100);
/*!40000 ALTER TABLE `item_categories` ENABLE KEYS */;
UNLOCK TABLES;
/*!40103 SET TIME_ZONE=@OLD_TIME_ZONE */;

/*!40101 SET SQL_MODE=@OLD_SQL_MODE */;
/*!40014 SET FOREIGN_KEY_CHECKS=@OLD_FOREIGN_KEY_CHECKS */;
/*!40014 SET UNIQUE_CHECKS=@OLD_UNIQUE_CHECKS */;
/*!40101 SET CHARACTER_SET_CLIENT=@OLD_CHARACTER_SET_CLIENT */;
/*!40101 SET CHARACTER_SET_RESULTS=@OLD_CHARACTER_SET_RESULTS */;
/*!40101 SET COLLATION_CONNECTION=@OLD_COLLATION_CONNECTION */;
/*!40111 SET SQL_NOTES=@OLD_SQL_NOTES */;


--
-- Dumping data for table `reviews`
--

LOCK TABLES `reviews` WRITE;
/*!40000 ALTER TABLE `reviews` DISABLE KEYS */;
INSERT INTO `reviews` VALUES (1001,1,'abernathy.eino','1990-06-01','Fair','At omnis ullam veritatis aut voluptas. Reprehenderit cupiditate ut dolores quasi nihil quo. Voluptas tempora aut amet placeat neque in quaerat.'),(1002,2,'adams.shanny','1986-05-30','Fair','Quia esse eum consequatur laboriosam veniam suscipit. Cumque est veniam est. Assumenda rerum exercitationem quod fuga.'),(1003,3,'andreanne.bergstrom','2006-01-19','Excellent','Ad necessitatibus ea doloremque. Iusto rerum inventore distinctio in. Dolores doloribus ut impedit in.'),(1004,4,'arnold.west','1986-06-05','Fair','Est molestiae est consequatur maxime libero praesentium in ut. Harum expedita soluta pariatur animi sapiente consequuntur. Eius et ratione et iste pariatur. Ducimus error quas voluptatibus nihil expedita deleniti.'),(1005,5,'asa.schowalter','1978-06-20','Poor','Nam id molestiae quasi. Recusandae non atque ut quasi inventore. Consequuntur ea earum dolor provident est voluptatem. Ducimus laboriosam tempore id sapiente adipisci sed dolorum.'),(1006,6,'barrows.eliane','2020-10-11','Poor','Expedita enim eum enim qui. Est quia sed alias est sed et et. Dolores et nesciunt dignissimos numquam voluptatem ea aperiam dolorum. Facilis temporibus quas eum consequuntur.'),(1007,7,'bbernier','1976-04-02','Fair','Vitae nihil vitae fuga eligendi eveniet odit esse. Eum dolores deleniti omnis blanditiis similique. Voluptate unde autem voluptatibus eum. Est praesentium a id voluptatem.'),(1008,8,'boehm.jermain','1997-08-01','Poor','Est eius qui vel esse enim sed. Laboriosam ut qui reiciendis placeat deleniti. Enim velit adipisci non harum perspiciatis quidem aspernatur. Aut magni ad laborum ipsum id.'),(1009,9,'brad.hoppe','1978-07-15','Excellent','Aperiam amet facilis molestiae cumque dolor. Aut temporibus dignissimos odio accusamus molestias. Quod est excepturi qui qui et ex quidem.'),(1010,10,'briana.rempel','1986-04-24','Excellent','Provident nesciunt commodi id temporibus amet commodi iste qui. Et eius ipsa quia delectus. Ut quo qui asperiores natus est nemo.'),(1011,11,'brown.xavier','1978-08-15','Fair','Ad voluptatem inventore velit molestias. Qui illo nihil autem eum ad odio ab.'),(1012,12,'camden.gerlach','2002-05-30','Fair','Nesciunt eaque non dolorum vitae dignissimos. Nulla explicabo perferendis non iusto sequi ut. Voluptatibus magni dolorem eum aperiam nobis dignissimos ipsam. Fugiat ut et dicta aspernatur consectetur aut harum architecto.'),(1013,13,'carmella.funk','2008-04-23','Excellent','Quia incidunt velit dolor itaque molestias. Laudantium cum assumenda minima et. Recusandae possimus ut distinctio dolorem unde minima.'),(1014,14,'cbergstrom','1975-11-04','Good','Dolor consectetur odit qui velit cumque consequatur. Dolor corrupti incidunt aliquam voluptate aperiam. Qui repudiandae et sit quo.'),(1015,15,'cesar.schaden','1977-06-02','Good','Quaerat illo ex eos officia laborum omnis. Dolorem est quos et debitis non quo. Rerum at illum deserunt incidunt est autem dolores explicabo.'),(1016,16,'ckeebler','1973-02-20','Excellent','Excepturi provident id ullam aperiam harum eveniet autem. Accusamus soluta omnis maiores velit rerum. Commodi vel et consectetur. Ex placeat praesentium pariatur nostrum velit aspernatur.'),(1017,17,'cmccullough','1975-03-11','Good','Tenetur eum temporibus reiciendis officiis id. Cumque officiis quam non tenetur saepe quo reiciendis doloremque. Ab consequatur velit nisi fugit.'),(1018,18,'coberbrunner','2022-08-29','Good','Qui sed recusandae nobis reiciendis inventore inventore blanditiis. Officia quis nesciunt doloribus dolor eius iure mollitia. Veniam doloribus blanditiis quos deleniti impedit ea non.'),(1019,19,'cwillms','2008-06-04','Excellent','Nihil iste dolor unde explicabo et fugit alias. Enim maiores cum similique facilis optio.'),(1020,20,'darrin.langworth','2002-10-24','Good','Dolores aliquam architecto tenetur quod aut qui. Nulla dolores cum maxime autem sed. Necessitatibus minus libero quis.'),(1021,21,'darrion.crist','2002-08-24','Fair','Ab rerum asperiores quo perferendis illo cupiditate quos. Quasi iste ea explicabo voluptatem consequatur. Ex reiciendis vel laboriosam doloremque quo non non dolor. Aperiam maiores tenetur consequatur aut enim.'),(1022,22,'dbednar','2007-09-08','Good','Est aut consequatur repellat. Dolorem error unde rerum aspernatur. Sequi sed optio optio. Et sit vel excepturi rem accusamus et.'),(1023,23,'delia.bayer','1985-03-03','Good','Repudiandae est sunt commodi cumque odio. Laudantium ullam ea autem et qui dolor molestiae. Amet et tempora aut iste.'),(1024,24,'dena.homenick','1998-04-09','Fair','Voluptatem at officia enim tempore incidunt facilis. Repudiandae ea architecto ex asperiores sunt. Omnis aliquam explicabo modi delectus autem.'),(1025,25,'donnelly.wava','2016-05-07','Poor','Est blanditiis quaerat quisquam nobis et enim id. Qui voluptatibus ab at ipsa enim est debitis. Molestiae qui quam doloremque nulla et vitae illum. Placeat modi eum non voluptas quisquam.'),(1026,26,'doyle.cleora','1985-05-03','Good','Culpa voluptatem nisi recusandae a iure omnis et. Earum laudantium magni provident at. Repellendus ut eligendi dolor quia.'),(1027,27,'efahey','1996-01-19','Poor','Exercitationem sunt ipsum eum odit totam. Incidunt aliquid recusandae omnis dolores odio quisquam. Facilis ut illo qui sapiente iure. Aut doloribus et inventore sequi velit.'),(1028,28,'elangosh','1996-09-06','Excellent','Incidunt asperiores illo officiis molestiae dolores dignissimos neque. Et molestiae incidunt tempora qui. Eum aut quos dolor est alias incidunt et repudiandae.'),(1029,29,'eleonore44','2015-09-17','Excellent','Excepturi sunt eius quam quos molestiae dolorem voluptas. Eos debitis ut quam velit. Consequatur praesentium perferendis deleniti ad eveniet maiores. Odit molestiae maiores vero non voluptatem.'),(1030,30,'eudora53','2017-10-24','Poor','Ab sapiente debitis sint. Dolorem dolorum quia necessitatibus provident qui culpa. Magni eos aspernatur vel pariatur voluptates temporibus. Voluptatem aspernatur optio eos quia. Minus qui minima autem ipsum dolores.'),(1031,31,'farrell.arely','1991-03-12','Good','Porro qui quia nesciunt sunt assumenda. Vel quia laborum consequuntur quas quia. Incidunt voluptates esse placeat quis et. Id rerum vel non blanditiis eveniet.'),(1032,32,'fay62','1983-02-01','Good','Accusantium dolores culpa distinctio in quae tenetur. Harum consequatur iusto quasi porro autem ut et quo. Tempora molestiae sit sed aut accusamus molestiae eaque.'),(1033,33,'flegros','1993-08-09','Poor','Reiciendis mollitia deleniti optio impedit omnis in dignissimos adipisci. Itaque ratione voluptas consequatur nisi. Molestiae ut impedit a tempore suscipit ut illum. Fugit veritatis impedit ipsa ea in accusamus possimus et.'),(1034,34,'fredrick68','1995-10-04','Fair','Nesciunt vero dicta sint dolor ex sit aut. Modi reiciendis ad odit quia qui. Perspiciatis dolorum aperiam consequatur quasi consequatur ex. Cumque sit rerum consectetur enim aut rem. Excepturi asperiores vitae aliquam dignissimos aut debitis eum.'),(1035,35,'garrick80','2015-03-12','Good','Reprehenderit nostrum sed et voluptatem incidunt. Blanditiis molestias quam molestiae sint. Molestias voluptatem vel praesentium culpa et ut perferendis. Autem soluta tempore dolorem deleniti sed.'),(1036,36,'garrison27','2005-08-24','Good','Consequatur voluptatem accusamus sed facilis et exercitationem quae. Sed et quod earum non quam est tenetur molestiae. Quidem voluptatum velit ipsum sunt officia quibusdam enim. Sunt ipsa id voluptas sed ratione.'),(1037,37,'gcummerata','1994-10-08','Fair','Quas consectetur non voluptatibus repellat. Assumenda repudiandae labore consequatur qui. Quam itaque et incidunt porro occaecati mollitia. Dolorem ut aut enim laudantium non.'),(1038,38,'greta77','1977-01-30','Poor','Voluptatibus enim quia itaque eos. Magni nisi porro qui et sit. Quis ut sint possimus et praesentium. Qui non et dolor.'),(1039,39,'grimes.efrain','2015-08-18','Poor','Est id deserunt dolores ea cum hic quisquam. Et error nihil in qui omnis. Et unde aut quae ullam labore laudantium hic.'),(1040,40,'haag.franco','1986-04-12','Good','Aut perferendis corrupti doloremque hic veritatis minima non. Dolorem nisi velit architecto neque. In in velit magnam modi non nemo dolorem. Est corrupti quo repellendus.'),(1041,41,'harrison60','2007-09-05','Excellent','Aut laboriosam id quia error illum error. Velit dolorem consequatur magnam quo dolores voluptas molestias. Quasi qui et temporibus et quas enim ab.'),(1042,42,'hayley45','1978-08-25','Poor','Voluptatem aliquam non asperiores dicta et. Et expedita pariatur sed maxime nihil impedit.'),(1043,43,'helga63','2004-08-11','Fair','Porro repellat assumenda rerum dolores amet praesentium. Perspiciatis accusamus ipsa vitae optio earum iusto. Aut incidunt saepe libero aspernatur est dolorem.'),(1044,44,'herman.ettie','2021-07-17','Fair','Eius autem sunt sunt odio modi exercitationem sunt. Illo corporis voluptatibus quis. Voluptate sint ea saepe maiores. Aut et qui et ad distinctio qui.'),(1045,45,'hhermiston','2002-07-20','Good','Molestiae nemo ut rem harum quas voluptate debitis. Laudantium adipisci velit et neque nisi. Eveniet aut aut officiis non reiciendis minus. Modi animi ut dolorem. Quasi et quaerat molestiae numquam dolores reprehenderit.'),(1046,46,'horacio.bahringer','1988-07-31','Good','Beatae et voluptas nostrum hic. Porro quia necessitatibus eveniet consequatur numquam sapiente voluptatem. Quo recusandae perspiciatis debitis fugit cum adipisci architecto sed. Voluptatum est saepe et possimus odit error quia.'),(1047,47,'hyatt.walker','2016-12-08','Fair','Expedita nihil rerum et qui. Placeat necessitatibus quis animi. Sed incidunt eveniet et nesciunt quaerat. Voluptate odit amet illum labore.'),(1048,48,'ikris','1992-12-15','Excellent','Similique esse saepe earum esse officiis nihil. Omnis molestias ut dolorum et. Illum ipsa id necessitatibus repudiandae dicta. Impedit mollitia sed omnis. Ut rerum omnis vitae.'),(1049,49,'jace.dare','2017-11-14','Good','In amet quia labore asperiores. Veritatis aliquid nihil qui officiis et atque dolorem. Cum adipisci reprehenderit iste quas consequatur.'),(1050,50,'jarrod90','2004-08-04','Fair','Quaerat distinctio est saepe alias et. Commodi voluptas eius expedita. Consequatur vero occaecati rerum tempore et.'),(1051,51,'jeanette.willms','1987-07-05','Good','Quis delectus veritatis est mollitia soluta pariatur beatae aliquam. Eos id id aut molestiae illum necessitatibus. Voluptatum blanditiis omnis asperiores ea illum id. Repellat numquam suscipit minus minus et.'),(1052,52,'jherzog','1972-08-18','Good','Ducimus fugit sequi quis quo non minima. Illum voluptatibus possimus est et veritatis non. Numquam et voluptatum rerum sit voluptatum nemo et.'),(1053,53,'junius29','2019-09-29','Fair','Inventore reiciendis ratione nihil architecto adipisci. Odit illum in numquam ut iure molestiae. Vitae harum officiis debitis et nobis.'),(1054,54,'karolann87','2015-10-23','Excellent','Voluptas placeat omnis est in quo accusamus. Officia distinctio maiores et possimus inventore nesciunt sint quas. Facilis numquam sed sed voluptate aspernatur eos. Ipsa sit iure sunt est perferendis assumenda omnis et.'),(1055,55,'katarina.gottlieb','1997-02-20','Poor','Earum aut et amet et quibusdam atque reprehenderit. Et autem vel inventore reiciendis. Velit esse aut quia praesentium quia ut.'),(1056,56,'kuhn.rory','1992-09-05','Poor','Reiciendis provident mollitia ducimus quis aspernatur et quam. Ipsum dignissimos dolores doloribus omnis animi unde voluptatum animi. Et qui non repellat facilis quia amet tempora et. Sint est ullam dolores quidem dolore molestiae doloremque sed. Voluptas deleniti velit nemo debitis.'),(1057,57,'lang.abigayle','1998-02-24','Excellent','Facere et dolorum magnam perspiciatis et dolor et. Ut vel et mollitia aut commodi maxime et. Quos perferendis aut itaque ad dolorem perspiciatis modi molestiae. Voluptatum provident qui quae.'),(1058,58,'laron88','1991-10-15','Poor','Temporibus soluta quia et qui quod soluta aliquid. Rerum occaecati natus ut atque quasi. Voluptas et aut iure aut ipsum repudiandae. Dolorem ab nostrum cupiditate at vel.'),(1059,59,'lavonne15','1973-02-07','Good','Est illum provident ut quaerat provident sint. Similique quo sed quia itaque dolorum harum inventore. Id quaerat aut recusandae enim ut.'),(1060,60,'lexi49','2008-06-26','Poor','Recusandae velit et illum qui corrupti ratione et. Nihil repudiandae quas ullam aut blanditiis voluptates recusandae laboriosam. Dolorem exercitationem fugit id enim et quos.'),(1061,61,'lhudson','2008-12-11','Good','Fugit porro porro natus sapiente deserunt maxime enim. Et dolorum et omnis aut magni est labore. Natus laborum qui doloribus architecto.'),(1062,62,'luther88','1974-07-22','Good','Ipsam voluptatum id sint in. Nihil perferendis molestiae autem quaerat repudiandae adipisci ab. Enim ullam et eius et. Laboriosam aperiam et quos provident.'),(1063,63,'maegan.boehm','2010-12-20','Poor','Quo voluptatem commodi harum numquam quod at quas soluta. Distinctio quas quia officiis quae quia odit. Fugiat perferendis laboriosam quia dolor.'),(1064,64,'malinda.becker','1985-04-07','Fair','Fugiat nobis delectus sed cum esse rem. Eum consectetur voluptas aliquid iste nihil hic quia. Et sit dolor harum porro iste.'),(1065,65,'mante.verda','1981-07-11','Poor','Error nemo nulla id eos officiis aperiam. Tempore perferendis dolorum quia voluptatem et exercitationem error. Non sequi ut sit tenetur possimus modi nobis. Eaque corporis dolor vitae maxime nesciunt sit.'),(1066,66,'maxime.jenkins','2017-01-05','Excellent','Cupiditate et dignissimos et. Impedit delectus nobis molestiae ullam rerum reprehenderit qui. Repellat iusto neque amet quisquam officiis beatae.'),(1067,67,'michale47','2006-05-13','Excellent','Suscipit eum natus aut voluptatem vel voluptas quia. Quis non et minima officia. Quaerat pariatur maiores sit ipsam autem. Dolorem quae laudantium eveniet ducimus voluptates sunt.'),(1068,68,'mireille.hodkiewicz','1984-04-22','Fair','Facilis dicta numquam alias eius omnis mollitia amet. Optio sint laboriosam laborum corrupti ut et placeat. Velit tempora molestiae voluptas asperiores ut quam. Aut id qui id eos reiciendis amet itaque qui.'),(1069,69,'monserrate.lesch','1999-02-05','Good','Quibusdam cum numquam repellendus omnis praesentium hic tempora. Officia culpa minima quis qui. Odio occaecati et voluptatem sit consequuntur perspiciatis sint. Nemo recusandae ratione eum doloremque reiciendis.'),(1070,70,'murray66','1985-01-17','Fair','Illum veritatis delectus qui quis ut similique. Officiis similique vero ut. Accusamus rerum quia natus. Facere accusamus sint veniam dolorem.'),(1071,71,'myah38','2013-07-24','Good','Officiis deleniti eos est vitae. Magni magni facilis nihil accusantium et. Laboriosam et ad accusamus ut facilis molestiae accusamus unde.'),(1072,72,'mylene77','2011-09-16','Good','Totam qui molestiae atque iure voluptatem sequi sint. Aut officiis recusandae enim est quia harum dignissimos. Quam nisi similique vel quibusdam.'),(1073,73,'naomi.marquardt','2013-11-19','Poor','Dolorem est blanditiis molestiae maiores. Ut laborum animi natus eos. Eligendi est officiis quasi explicabo deserunt.'),(1074,74,'nicholaus.bosco','2005-10-31','Excellent','Et perferendis dolorum corrupti amet possimus voluptatem est. Illum voluptas assumenda perferendis exercitationem aut laudantium quo. Deserunt velit in perferendis.'),(1075,75,'nikolaus.ryan','2007-04-02','Fair','Qui eaque molestiae dolores incidunt dolores et a ipsum. Ut nihil assumenda distinctio dolorem magnam alias commodi. Molestias quis eveniet voluptatem harum dicta possimus ipsum. Quos molestiae quas culpa dolor vel nulla at.'),(1076,76,'oabernathy','2007-09-07','Good','Recusandae aut facere alias velit fugit modi saepe ipsum. Rerum optio facere quidem voluptates quisquam vel. Sed velit a atque officiis eos quia reiciendis. Aspernatur enim cupiditate quia accusantium odit et.'),(1077,77,'ocremin','2008-02-03','Excellent','Natus est commodi non eum exercitationem. Est voluptas veritatis rerum. Id natus recusandae quod.'),(1078,78,'ogibson','2019-07-21','Good','Exercitationem exercitationem odit excepturi atque rerum asperiores. Rerum maxime rerum nihil. Rerum similique repellendus minus non tempore vitae. Architecto voluptatum laboriosam facere.'),(1079,79,'owatsica','1972-04-09','Fair','Non optio ducimus rerum eligendi quasi et. Vel quo voluptas libero aut. Consequatur id ratione id laborum dolorum. Consectetur alias est enim. Hic sunt ut aut nesciunt cum sit.'),(1080,80,'randal.boyer','2020-11-04','Good','Molestias sit iusto qui labore. Porro enim sed ipsam tempora. Repudiandae vero ipsa amet sint. Eum vel est laudantium sit.'),(1081,81,'rasheed97','1999-03-03','Excellent','Dolorem sed aut amet quia. Odit deleniti vero inventore ex. Corporis harum beatae ut voluptatem odit odio.'),(1082,82,'rippin.nicolas','1976-11-28','Fair','Explicabo ut facilis officiis eum. Perferendis labore quo nemo. Dolores quas voluptatem consequatur animi esse.'),(1083,83,'ritchie.bertha','1995-04-11','Good','Architecto enim culpa et eum vel distinctio. Nostrum nobis commodi tempora molestiae. Nemo reprehenderit quibusdam at velit sed eos. Molestiae occaecati iusto aliquid ad harum nisi voluptas atque.'),(1084,84,'roman.sipes','2011-08-06','Fair','Quisquam dolores et quia nihil dolorum magni est. Molestiae dolores consequatur officiis nulla suscipit rerum. Ea corporis et et minima ut.'),(1085,85,'ryan.alexandra','2012-03-06','Fair','Quasi eos minus fuga voluptas sed porro. Ea eius repudiandae perferendis optio debitis. Accusantium corporis ut eveniet exercitationem.'),(1086,86,'sammy73','2005-09-24','Good','Qui beatae debitis alias sunt modi architecto accusantium. Sint aut quia aut nesciunt. Fugit reiciendis itaque delectus magnam.'),(1087,87,'sherman.roob','1979-01-16','Good','Ad est molestias accusamus perferendis nobis et. Minima est optio minus occaecati est et omnis.'),(1088,88,'stacy84','1980-08-27','Excellent','Id repudiandae ullam aut commodi atque. Nesciunt accusamus numquam dolores consectetur harum occaecati similique id.'),(1089,89,'stewart80','1978-11-22','Fair','Dolore ducimus esse aspernatur beatae fuga amet omnis molestiae. Placeat necessitatibus totam esse doloremque cupiditate. Et quos modi quia sint.'),(1090,90,'susan58','2011-12-19','Good','Voluptatem sint sint labore architecto. Maiores et ea aut doloremque hic. Esse eos qui et animi velit ipsam.'),(1091,91,'sydney57','2018-10-26','Fair','Ut aut dolorum dolore vitae accusantium quo quo. Tempore perferendis quae et tempore dolor aut. Consequatur quia eligendi odit quia repellat. Dignissimos pariatur fugit impedit velit reprehenderit debitis.'),(1092,92,'tara.thiel','2000-10-20','Excellent','Veniam ab saepe facere soluta. Cupiditate dolore eos qui voluptatem praesentium at alias. Asperiores ad error rerum ad veniam voluptate. Similique iusto molestias aperiam officiis saepe.'),(1093,93,'tdicki','1971-06-01','Good','Dolorem vitae quia itaque enim molestias. Ut repellendus qui quo. Nostrum praesentium ut est nostrum ab non rerum commodi. Iusto assumenda quae fugiat praesentium voluptatum eaque non.'),(1094,94,'tyrell.goldner','2001-03-17','Poor','Eum et recusandae enim. Explicabo consectetur vel hic non magni explicabo. Repudiandae nisi vitae officiis qui voluptate sunt fugit. Et eum atque voluptas voluptas quia suscipit.'),(1095,95,'udietrich','2021-04-22','Poor','Non eum molestias id ad ex. Quae et omnis dicta quas necessitatibus sequi. Cum nam et minus nostrum quo vero. Et provident rerum natus quidem harum aut.'),(1096,96,'uhudson','2003-05-16','Excellent','Consequatur delectus placeat eveniet voluptate. Modi ut ut culpa unde. Commodi porro maiores veritatis asperiores qui.'),(1097,97,'vconsidine','2014-11-27','Excellent','Et nostrum adipisci exercitationem et fuga facere. Est ut modi minus quia. Qui aliquam magni illum tempore facilis repudiandae. Error est explicabo consectetur quam et.'),(1098,98,'vstokes','1987-01-02','Fair','Deserunt quae rem minima consectetur nobis inventore assumenda. Sint et exercitationem assumenda quas nisi eius. Possimus enim exercitationem explicabo repellat qui quia cupiditate. Odit dicta facilis in repudiandae non.'),(1099,99,'xmosciski','1985-01-17','Fair','Perspiciatis qui distinctio harum ut et. Sed omnis odio rerum vel quasi.'),(1100,100,'ycrona','2009-02-06','Poor','Ut tempore assumenda voluptate. Facilis inventore sint velit soluta. Veniam commodi blanditiis asperiores inventore facilis. Eos id odit qui quo repudiandae. Cumque non aliquam inventore aperiam natus.');
/*!40000 ALTER TABLE `reviews` ENABLE KEYS */;
UNLOCK TABLES;
/*!40103 SET TIME_ZONE=@OLD_TIME_ZONE */;

/*!40101 SET SQL_MODE=@OLD_SQL_MODE */;
/*!40014 SET FOREIGN_KEY_CHECKS=@OLD_FOREIGN_KEY_CHECKS */;
/*!40014 SET UNIQUE_CHECKS=@OLD_UNIQUE_CHECKS */;
/*!40101 SET CHARACTER_SET_CLIENT=@OLD_CHARACTER_SET_CLIENT */;
/*!40101 SET CHARACTER_SET_RESULTS=@OLD_CHARACTER_SET_RESULTS */;
/*!40101 SET COLLATION_CONNECTION=@OLD_COLLATION_CONNECTION */;
/*!40111 SET SQL_NOTES=@OLD_SQL_NOTES */;
